agent,h0,h1,h2,h3,h4,h5,h6,h7,h8,h9,h10,h11,h12,h13,h14,h15,h16,h17,h18,h19,h20,h21,h22,h23
0,0.01307321327185511,0.048951500800806486,0.01141407539107252,0.03936438481267933,0.0851408242956376,0.09056891683529303,0.02803625885942846,0.02906215008125665,0.0943812458292124,0.08497180384632573,0.03697775387611753,-0.010494143394017955,0.04048392418695131,-0.002255595958969974,0.004590761965746216,0.023955556273786854,0.04243068227351326,0.0603149899483601,0.04400837417940977,0.06559021314342252,0.1982619816689204,0.050938991689420704,0.11300560309111478,0.12966913660961624
1,0.00013073213651916955,0.0004895149531160497,0.00011414080597834005,0.000393643908687681,0.0008514082370063437,0.0009056891401675376,0.0002803625914560772,0.00028922449187931737,0.0009440868532867396,0.0008532780901032489,0.0003803788975645896,-9.245700361437747e-05,0.0004035720854932834,-1.2818414504480574e-05,6.668562926540026e-05,0.0002374969786376006,0.00042616191500363166,0.0005803720168604373,0.0007824698774856932,0.0006559021571511381,0.002001040789929722,0.0005093899827735995,0.0011300560772337517,0.0012966913235095015
2,0.00013073213954529543,0.0004895149540741849,0.00011414080425847464,0.0003936439133094628,0.0008514082357509156,0.0009056891327642037,0.00028036259287012613,0.00029809100164732963,0.0009354595784166136,0.0008416894309327694,0.0003975832798731699,-0.00012686077643470534,0.00043283427591424474,3.2615449840947294e-06,4.49674049607091e-05,0.00024201242496517996,0.00041535259013153247,0.0012769348975800359,0.0004539522461013976,0.0006559021414709923,0.0020010407692068796,0.0005093899867973224,0.0011300560913147613,0.0012966913094297537
3,0.00013073213549481464,0.000489514945329621,0.00011414081405589084,0.00039364391299101276,0.0008514082368071329,0.0009056891434896518,0.00028036259153181207,0.00029348237197082114,0.0009352618427824659,0.0008530289291744085,0.00039889760431788686,-9.107511775502885e-05,0.00042807732610732145,1.4362018445101031e-05,2.5245639720516814e-05,0.00025953320655619814,0.00042137520409371267,0.0005835955881678466,0.0004454485242430187,0.0006559021372304959,0.001982619761811044,0.0005093899587257756,0.0011300560701443618,0.001296691330479843
4,0.00013073213571854035,0.0004895149427395843,0.00011414081653099752,0.0003936439147382689,0.0008514082366739161,0.0009056891428047754,0.0002803625916377744,0.00029980216058229247,0.0009272288690936193,0.0008481523562718539,0.000376582862282287,-9.787086897284546e-05,0.000407335291925105,8.619317545040879e-07,7.399148339931323e-05,0.00026392719540464777,0.0004316051360858849,0.0005816802248310577,0.00044273359071558263,0.0006559021373449315,0.001982619758814398,0.0005093899612396064,0.0011300560699460957,0.0012966913306823578
5,0.00013073213592929703,0.0004895149423801891,0.00011414081678309831,0.0003936439163707599,0.0008514082365510212,0.0009056891421288988,0.00028036259174253045,0.00029678687789335193,0.0009406996713203276,0.0008260305766979901,0.00037917256519318316,-0.00010206657911232067,0.00040364096788288135,1.73937037745983e-05,6.744469162469514e-05,0.00022043693740013572,0.0004280240024129034,0.000594207775351089,0.0004351817988112452,0.0006559021374474387,0.001982619755749695,0.0005093899638390736,0.0011300560696936135,0.0012966913309327022
6,0.00013073213723812177,0.0004895149459140331,0.00011414081279580495,0.00039364391434132054,0.0008514082365797987,0.0009056891379743251,0.00028036259174046146,0.0002963586175730546,0.0009356190348753824,0.0008290408941221309,0.00038139986069738477,-9.600942254084877e-05,0.0004463393469996976,1.149896783167914e-05,7.34568591788659e-05,0.00021991528606572728,0.0004344004421682548,0.0005959856519312248,0.0007787946726269,0.0006559021580636783,0.0020010407803696013,0.0005093899908007904,0.0011300560785824775,0.0012966913222268426
7,0.00013073214025587014,0.0004895149492184589,0.00011414080871692054,0.0003936439178572205,0.0008514082354373876,0.0009056891311987794,0.00028036259304125286,0.00029588439349748736,0.0009324328328861626,0.0008513542428664076,0.0004043806154128517,-0.00010975481962278008,0.0004205386162129722,-3.370299041751878e-06,6.128954136226733e-05,0.00024719228836372626,0.0004229909633801545,0.0012710808818331924,0.00044762075998597967,0.0006559021417819862,0.0020010407578417155,0.000509389995977733,0.0011300560942733588,0.0012966913065209492
8,0.00013073214064464016,0.0004895149497906769,0.00011414080792709006,0.0003936439202639799,0.0008514082352745941,0.0009056891304034818,0.0002803625931269127,0.00030144504566906175,0.0009398759832460366,0.0008382109470607629,0.00039361356352464076,-0.00011737000789436363,0.0004149492662264325,-3.2525069863041165e-05,2.702168242657114e-05,0.0002557855713546338,0.00043721532360536166,0.001258801367027298,0.000441471251609556,0.0006559021419418463,0.002001040751745062,0.0005093900009408123,0.001130056095746811,0.001296691305074948
9,0.005752213605389778,0.021538662063051633,0.0050221915258850435,0.01732032884091155,0.03746196272455626,0.039850323627675883,0.012335953891929203,0.012785883003872766,0.041580809732548143,0.037162351061113055,0.016590049606733492,-0.0043538740493140595,0.0198336186271576,-0.0011076256006716896,0.00301663761433012,0.011035472248603495,0.018263920225601252,0.025620124806634108,0.034548703257274875,0.02885969396577986,0.08804579802978192,0.022413156630984907,0.04972246519484893,0.05705442035459348
10,0.0057522135983519365,0.0215386621247478,0.005022191470595064,0.017320328830484864,0.03746196271788542,0.039850323605581106,0.012335953900549403,0.01318195374994115,0.04080418078246314,0.03701317257073787,0.017265170187295214,-0.005608962436874132,0.018657973981855504,-0.0008223194853768591,0.0015628045246010496,0.011233459191161983,0.01859175199713226,0.05550870699994702,0.01945814791121888,0.028859693758084448,0.08804579779608573,0.022413156599425336,0.049722465217005504,0.05705442033240904
11,0.005752213856084309,0.021538660918371835,0.005022192566875321,0.01732032975604608,0.037461962648029444,0.03985032321307303,0.012335953932120766,0.01284361653463651,0.04137382756636728,0.03690850079825252,0.01694882566442924,-0.005005539424633237,0.017714850436697283,-0.0005250764010511371,0.001756613467208899,0.010410198290938952,0.018788228261063487,0.026236957916630603,0.019677119790186718,0.02885969379955109,0.087235271343013,0.022413156900144136,0.04972246575289035,0.057054419808339904
12,0.005752213607450639,0.02153866226245686,0.0050221913270429705,0.01732032886392076,0.03746196272308361,0.03985032360169877,0.012335953893888196,0.01277168539711318,0.04139600100088522,0.03734089613117198,0.017437451379007405,-0.004882884175762745,0.01972005388023796,-0.0015318279391587902,0.0029004908623074363,0.010839995384265404,0.017966819108960808,0.02580267965455871,0.03405550207980548,0.02885969396688928,0.08804579785186957,0.02241315679604899,0.049722465212231164,0.0570544203361135
13,0.005752213822064649,0.021538661145624027,0.005022192361134074,0.017320329679569382,0.03746196264642437,0.03985032317081262,0.012335953942059684,0.013154607192156857,0.04086399538322744,0.036605624967479836,0.017527406889119298,-0.0038598872309655815,0.018376259508591473,0.0002614771904354758,0.0014036693756886035,0.010718263855032063,0.01888130576839126,0.02636842118102989,0.019380694249108172,0.028859693802625572,0.08723527110364049,0.02241315713190518,0.049722465800025026,0.05705441975700276
14,0.005752213601621598,0.021538662192828295,0.005022191402550043,0.017320328857686647,0.03746196271617652,0.03985032357573416,0.012335953902691895,0.012816930309859684,0.04123487037240232,0.03654384581810651,0.01709914128805888,-0.0050199527239525735,0.01976445130960654,-0.0003703543065071513,0.001530586918334404,0.010144269009549867,0.01880484242055767,0.05643002114397611,0.019430810912292738,0.02885969375918174,0.0880457975794612,0.02241315678811023,0.049722465237615414,0.05705442031069269
15,0.00575221360189978,0.021538662150549354,0.005022191444825426,0.017320328860135067,0.0374619627160261,0.03985032357288551,0.01233595390289331,0.012833183648590304,0.041011156973148645,0.037493056539300754,0.016929433856809964,-0.0053432304136949525,0.019531723377298683,0.0005498355725792684,0.0017572855097829536,0.010341828030287744,0.019139148183837603,0.05571294091552531,0.0198181472497921,0.0288596937592843,0.0880457975567398,0.022413156808181813,0.0497224652396204,0.05705442030859255
16,0.005752213812454626,0.021538661136994625,0.005022192375603968,0.017320329656691814,0.03746196264623758,0.03985032316059902,0.012335953944540167,0.01324422581045842,0.04121626869159012,0.03729732253706535,0.016807497284155683,-0.004059183885257374,0.019432168465610803,-0.0014325780714245747,0.003264620275642783,0.010318639807287304,0.01819122176405301,0.026034357295889786,0.019674872650460397,0.02885969380315972,0.0872352710409188,0.022413157193476786,0.049722465810935354,0.057054419744992715
17,0.005752213608232194,0.02153866219974591,0.0050221913901007005,0.01732032887583713,0.03746196272236343,0.0398503235866101,0.012335953895005544,0.012932286488115122,0.04078021221307131,0.03662100872713306,0.01756242445096894,-0.004463787217749807,0.019810926818393505,0.0004406387380061105,0.0025092794338874578,0.010001363588624333,0.019284518707909964,0.02591255527959181,0.03375586834957559,0.028859693967291062,0.08804579773085366,0.022413156909677625,0.04972246522266406,0.05705442032510261
18,0.005752213608299704,0.02153866217199014,0.00502219141787902,0.017320328876850765,0.03746196272230271,0.03985032358531028,0.012335953895100341,0.012784340009226191,0.0411016773888305,0.03705800826738611,0.016677231008474753,-0.004410276679850098,0.019627365504930175,-0.0006762766848316014,0.0021616375930940375,0.011173435008564093,0.01890464899364882,0.026311331315654295,0.03416564834201253,0.02885969396732834,0.08804579771997455,0.02241315691992252,0.04972246522357105,0.05705442032414997
19,0.005752213799855252,0.021538661049971524,0.0050221924702060034,0.017320329626310055,0.037461962646071836,0.0398503231475117,0.012335953947705921,0.01282093739093333,0.041598283450705736,0.03670008446713358,0.0172368884543726,-0.003724690620466429,0.01917748347424901,-0.0011063229790687027,0.0020370318951691063,0.009834367936957841,0.018367889133016388,0.025765368754794123,0.019158612246377615,0.028859693803743477,0.08723527095873827,0.022413157274503253,0.04972246582449357,0.05705441973002245
20,0.005752213602469012,0.021538661999093246,0.0050221915962578275,0.017320328865098416,0.037461962715721456,0.039850323567124535,0.012335953903298799,0.013091396196675955,0.0414710462450992,0.03689491341584798,0.01678732544591895,-0.004615223213255207,0.01894057608546713,0.0005639895069966525,0.0020006867308605724,0.010736804910159764,0.01857461597070772,0.05556955560878644,0.019176788182729856,0.0288596937594968,0.08804579750997313,0.022413156849611083,0.04972246524368939,0.05705442030434
21,0.00575221360255456,0.021538661968180745,0.005022191627163981,0.017320328865827784,0.037461962715676554,0.03985032356628814,0.012335953903357455,0.01302129564072263,0.040933197355419546,0.03696464895785391,0.01666387393560784,-0.005610112179900442,0.017826765702050648,-0.0007908985370853323,0.0011042164092216471,0.011184228990760917,0.01922157282782996,0.055406583268796314,0.01959269573032165,0.028859693759528817,0.08804579750312103,0.02241315685569065,0.04972246524428127,0.057054420303722785
22,0.005752213608559046,0.02153866203181317,0.005022191558113137,0.017320328880440605,0.037461962722088536,0.03985032358081493,0.0123359538954254,0.013216261073116657,0.041206318187780845,0.03751871567039627,0.01776522927821349,-0.004342357718916209,0.01930483082264582,-0.0011807510910017067,0.003049999796049287,0.011642092803087424,0.019398137444217617,0.025535762157421114,0.03406353625791143,0.02885969396745815,0.08804579768199856,0.022413156955693892,0.049722465226715216,0.05705442032085618
23,0.005752213786391652,0.02153866082823575,0.005022192699985161,0.017320329593605806,0.03746196264593581,0.039850323133383166,0.01233595395105641,0.01322096445789611,0.04145430719266909,0.03744477175216057,0.017603296231586067,-0.005381697238417283,0.01980223464415081,-0.000754968482451951,0.0010713467946691973,0.009713054400514558,0.01794665342643351,0.026110496432903765,0.019634924710078973,0.028859693804277792,0.0872352708688602,0.022413157363407356,0.0497224658385263,0.057054419714503354
24,0.005752213783531597,0.021538660759353102,0.00502219277057251,0.017320329586625192,0.03746196264590833,0.03985032313032481,0.012335953951769441,0.013202940994073748,0.04097085209661692,0.03650221634980396,0.016806320068424214,-0.0048857714495388225,0.019068373419329026,0.0006148163798210359,0.0015635825923479328,0.010189353369381893,0.01822552486963424,0.02599045956143761,0.01937266567392438,0.028859693804386098,0.08723527084934736,0.02241315738277059,0.04972246584148077,0.05705441971123509
25,0.005752213603313132,0.02153866159612543,0.005022191999134565,0.01732032887202459,0.037461962715288816,0.03985032355927816,0.012335953903848453,0.01275966029069566,0.04091743632464282,0.03646038744789473,0.01766198616251157,-0.004298822309623773,0.018127298794166462,-0.0012982125178187835,0.002683966690065705,0.01001379859899212,0.018364187147075422,0.05625416836765057,0.01919789693431928,0.02885969375981104,0.08804579744509732,0.022413156907143496,0.04972246524926715,0.057054420298538425
26,0.005752213782057831,0.021538660720256092,0.00502219281054817,0.017320329583033423,0.03746196264589313,0.03985032312872972,0.012335953952138537,0.01299589798165765,0.04113537057042331,0.036925671872318634,0.016487720668243014,-0.005561658774895274,0.01924700318445418,-1.2999319335911139e-05,0.0019789660886780102,0.010683855182273229,0.01854984500551453,0.025894246502507694,0.019328807361168442,0.028859693804442945,0.08723527083919386,0.02241315739285972,0.04972246584300823,0.05705441970954599
27,0.005752213608903855,0.021538661756743342,0.005022191833215395,0.017320328884733865,0.03746196272182986,0.03985032357552684,0.012335953895803475,0.012849708836475479,0.0415654656605827,0.037150214317105835,0.017523799228443597,-0.004379625609188511,0.018052737078541967,-0.0010575944692001247,0.0015805069190870285,0.010597493928646576,0.018828612955279486,0.026598656187068595,0.03441149445424926,0.02885969396762338,0.08804579763661526,0.022413156998486165,0.04972246523043796,0.057054420316971596
28,0.005752213608975546,0.02153866169161075,0.005022191898348074,0.017320328885535086,0.037461962721781206,0.03985032357456879,0.012335953895871391,0.012909416317655369,0.041275594244539304,0.0372299252014785,0.016450293259321735,-0.005490930253765737,0.019022777591648474,-0.0015047900446356326,0.0011778394720964897,0.01026932577043814,0.018246692169452506,0.026351535504015935,0.03441431689176145,0.028859693967658497,0.08804579762837746,0.022413157006275754,0.04972246523111371,0.057054420316268506
29,0.005752213603475188,0.021538661497495257,0.005022192097738803,0.01732032887326242,0.03746196271521054,0.03985032355792438,0.012335953903942515,0.013053788348559739,0.04105031457567871,0.0370953578458362,0.017470896425467935,-0.003972395850096134,0.018339770135505633,-0.0005853718512586687,0.0024243181012215853,0.011594014143130401,0.01942599426942645,0.055453430706473704,0.019797250007619786,0.028859693759870502,0.08804579743389662,0.0224131569171365,0.049722465250231614,0.057054420297539085
30,0.00575221377783809,0.021538660592884337,0.005022192940439347,0.01732032957278546,0.03746196264584348,0.039850323124065105,0.012335953953205109,0.013154131648911929,0.04086984690185781,0.03688338104840588,0.01687572437167364,-0.0038398541012098354,0.019037840670021927,0.0003495183897349561,0.0020804224790597864,0.01008359406359169,0.018811738104459474,0.025470553849944347,0.01985087005234535,0.028859693804607463,0.0872352708096234,0.022413157422233484,0.04972246584742203,0.05705441970466869
31,0.005752213603704465,0.021538661362310432,0.005022192232878886,0.0173203288749242,0.03746196271510449,0.03985032355622686,0.012335953904061104,0.012868583339727744,0.04111980652430039,0.03688417925876014,0.01783757299772473,-0.003910211560150601,0.018204756228168344,-0.000943565604904546,0.0020315761535842675,0.00963323438761871,0.01840749192765763,0.056558040903879316,0.019859925645734543,0.028859693759949442,0.08804579742004368,0.022413156929456328,0.04972246525143765,0.0570544202962933
32,0.005752213772460277,0.021538660392115046,0.005022193144429869,0.017320329559873393,0.0374619626457585,0.03985032311783073,0.012335953954594765,0.012909182087628443,0.041340545368114344,0.03708883820750245,0.017836949816618333,-0.004879907093160965,0.019712499297678057,0.0005965916912111669,0.0027012064669734545,0.009664281502009382,0.019211300242887613,0.026505502499486293,0.019590715561773032,0.028859693804817895,0.08723527077047168,0.02241315746096116,0.049722465853192496,0.05705441969830455
33,0.005752213771119405,0.021538660335711935,0.0050221932016353815,0.01732032955661816,0.03746196264573853,0.03985032311627274,0.012335953954940802,0.013049554808802398,0.041110043341734286,0.03715653192092629,0.017298086034306125,-0.004014787730097058,0.01922099907531658,-0.0003484154648640411,0.003268014964183247,0.010570994817518973,0.019233855175274074,0.026461630384390884,0.019681479468252223,0.028859693804865152,0.08723527076062261,0.022413157470676244,0.04972246585462336,0.05705441969672617
34,0.005752213601989221,0.021538662005612608,0.005022191582886338,0.01732032881194098,0.0374619627265172,0.03985032365652679,0.012335953889735738,0.013148395878060153,0.04119813987585291,0.03725203537553334,0.017714448245956436,-0.004702827821687273,0.019382358902475767,-0.0014742737270242137,0.0027349360501178577,0.011184794892840026,0.01800852330609614,0.025521553067674514,0.03406562673450244,0.028859693963280968,0.08804579818752878,0.02241315648723697,0.04972246517637837,0.05705442037436461
35,0.00575221359288484,0.02153866204923875,0.005022191546335408,0.017320328792520476,0.037461962720405154,0.03985032364183941,0.01233595389792969,0.013193322639429989,0.04119959799346756,0.03654808495943247,0.017500483174251253,-0.004109848309598082,0.01883247058644809,0.0003470869934806085,0.002462381841408856,0.010500231006532941,0.01840980557258641,0.05626456445528941,0.01991471099072346,0.02885969375645756,0.0880457980039596,0.022413156424719815,0.0497224651931432,0.05705442035772266
36,0.0057522135929607855,0.021538662048276296,0.005022191547294392,0.017320328793022182,0.037461962720370404,0.039850323641382156,0.012335953897963521,0.013013049310834251,0.04142104704790055,0.036586791949659,0.016438467598716706,-0.005537575548199262,0.01865342278483514,-0.0007101306685162444,0.0014787783877759024,0.010329053479371776,0.01900013142050455,0.05625907050718016,0.01977579962039698,0.028859693756478986,0.0880457980015977,0.022413156426638967,0.04972246519344197,0.05705442035740498
37,0.005752213592981246,0.021538662048028834,0.005022191547540597,0.017320328793154836,0.03746196272036119,0.03985032364126359,0.012335953897972315,0.013268756046961313,0.04119629368444162,0.03646452124827248,0.017734443418469737,-0.0044466707208201525,0.01841829191753411,0.00010217137511599243,0.003198281771418542,0.010771993534520265,0.01793000795478879,0.0555556797882001,0.01981855915832492,0.02885969375648472,0.08804579800098467,0.022413156427131733,0.04972246519351952,0.05705442035732271
38,0.005752213878623943,0.021538660578147118,0.005022192883554318,0.01732032975678592,0.03746196266072053,0.03985032333599892,0.012335953910300982,0.013028138894715713,0.04110471592461022,0.03665532905344875,0.01788918919367053,-0.004908328176099404,0.01831840144312808,-0.001307990191174657,0.0013232389034365255,0.011611966017928587,0.01885181493300837,0.026494790386325517,0.0191549819122717,0.028859693784437753,0.0872352718186509,0.022413156462398914,0.049722465615514744,0.05705441995185185
39,0.005752213879604322,0.021538660571872682,0.005022192889936134,0.01732032976288594,0.03746196265983848,0.03985032332941969,0.012335953911240986,0.013124937764856119,0.04112134532171541,0.036934634739960316,0.017761755755996197,-0.004113896784150573,0.017920032021727053,0.00017424110612120753,0.001988258437328337,0.011625757179630866,0.018247354018510326,0.02589922785346129,0.01994992095167294,0.028859693785352962,0.08723527179904034,0.02241315647946303,0.0497224656227957,0.057054419944435275
40,0.00575221360245942,0.021538662000834697,0.005022191587721442,0.017320328815718645,0.0374619627262546,0.03985032365285497,0.012335953890017057,0.012733096576896932,0.040968882807983026,0.03749680908622851,0.017739986820967293,-0.004754006169894997,0.017836433681387983,-0.0014181159396196535,0.003310718297000552,0.009755083266511167,0.018704610630631828,0.025897411443797355,0.03438679301290451,0.02885969396356134,0.08804579816886271,0.022413156503825762,0.049722465178721476,0.05705442037184994
41,0.005752213879925759,0.021538660570079717,0.005022192891800635,0.01732032976506042,0.03746196265950376,0.03985032332688686,0.012335953911609413,0.013102475753668503,0.0416150912838627,0.03727711762173795,0.01674577438685997,-0.005102067978006266,0.018937428810990947,-0.00010963592049272035,0.0014844414674009,0.01120032511890206,0.019374882823788894,0.026262924121423063,0.019210699356932842,0.02885969378570273,0.08723527179133184,0.022413156486190782,0.04972246562560584,0.05705441994156756
42,0.00575221387993016,0.021538660570057017,0.005022192891824816,0.017320329765092617,0.037461962659498554,0.0398503233268469,0.012335953911615296,0.012794721499299824,0.04155349320188666,0.037478450471651124,0.017046480912890537,-0.004273858127751675,0.017896465951718177,-0.001193358291092703,0.0028232338597541993,0.010403280750864748,0.019254263237013142,0.026559225810087114,0.019321980053648543,0.0288596937857082,0.08723527179120853,0.02241315648629855,0.049722465625650324,0.05705441994152209
43,0.005752213879967644,0.021538660569871106,0.00502219289202151,0.017320329765352232,0.03746196265945663,0.03985032332652765,0.012335953911662142,0.013242152071335996,0.040818180274306406,0.03693372172526999,0.016822399554731086,-0.004495427873851473,0.017665654277076618,-0.0007975280735781514,0.0012553618580086073,0.011585055760179515,0.01886800727322044,0.026019426219680907,0.019982004267912194,0.028859693785752188,0.08723527179022826,0.0224131564871549,0.04972246562600577,0.05705441994115919
44,0.00575221360247943,0.021538662000711403,0.005022191587849648,0.017320328815893748,0.03746196272624204,0.03985032365266689,0.012335953890031672,0.012920830544491705,0.041264561312364244,0.036649220089619405,0.01631590662823093,-0.004512442509058078,0.01957103453940306,-0.001454527276525359,0.0030083765375628164,0.011609418926659402,0.018476279958931245,0.025637588698001274,0.0339766033133112,0.028859693963574972,0.08804579816787601,0.022413156504701763,0.04972246517884232,0.05705442037171974
45,0.00575221359283492,0.021538662049883216,0.005022191545693607,0.017320328792194247,0.03746196272042775,0.03985032364213327,0.012335953897907974,0.013121483670450159,0.0410092384804839,0.036743265082755765,0.016574204822833397,-0.004736370677257249,0.01973322081140895,0.0006784307169366958,0.0023234272561014208,0.010926754137151471,0.018016032696139397,0.05569186702364147,0.019616372457078788,0.028859693756443403,0.08804579800546701,0.02241315642348734,0.04972246519295091,0.05705442035792689
46,0.0057522138780967055,0.021538660583343066,0.005022192878461618,0.017320329754299545,0.03746196266097522,0.039850323337883756,0.012335953910075526,0.012800138339534969,0.04121109633979237,0.03747030476964507,0.017144767296409267,-0.005165167182529047,0.019737372630991772,-0.0006028216571014608,0.0016640516793452972,0.010754984878752412,0.01944994771768966,0.026485558866360653,0.01952751781897419,0.02885969378416927,0.08723527182482003,0.022413156457022694,0.049722465613499474,0.05705441995389322
47,0.005752213592904897,0.021538662048994604,0.005022191546577739,0.017320328792646424,0.03746196272039707,0.03985032364172816,0.012335953897937254,0.01325612664739646,0.04084890739735592,0.03748205355513886,0.01696702557134755,-0.004284533523618003,0.017818715178351745,-0.0004028431727775252,0.002902040601012628,0.009833172138296296,0.018299228834377068,0.055516903629801835,0.019438765493856404,0.0288596937564641,0.08804579800340208,0.0224131564252024,0.04972246519321514,0.05705442035764628
48,0.00575221360205136,0.021538662004830903,0.005022191583673618,0.01732032881242484,0.03746196272648365,0.03985032365607068,0.012335953889770648,0.013266449994845072,0.04109691997483382,0.03672162725905056,0.017382955607135705,-0.005668527992945899,0.018864431440320854,0.0002467538114983042,0.002444905785321451,0.010780193766449168,0.018761430516162955,0.02565074739872267,0.034100877468311724,0.02885969396333448,0.08804579818527244,0.02241315648928015,0.04972246517666865,0.057054420374053415
49,0.005752213595686004,0.021538662044712633,0.005022191550698843,0.017320328811163736,0.03746196271915588,0.03985032362464269,0.012335953899167175,0.013242505594338193,0.040924815753930255,0.03717406267919069,0.01736499111829398,-0.004489910806637898,0.01887648988320845,-4.7574195877720154e-05,0.0016139397966934046,0.010563461619222276,0.018027171543781337,0.05641872024124835,0.01915905518152241,0.028859693757282298,0.08804579791193162,0.02241315650114631,0.049722465204317425,0.05705442034585418
50,0.005752213595712052,0.021538662044962582,0.005022191550446614,0.0173203288113409,0.03746196271914446,0.03985032362448688,0.012335953899178262,0.013202173084918046,0.041468150613720556,0.036617960297437684,0.01762643874148506,-0.005667449456923287,0.018060110367796884,-0.0008738748469991846,0.0013395915274988979,0.010511379643154356,0.01894022089587156,0.055916314931892086,0.01985443698324141,0.028859693757290406,0.08804579791107564,0.022413156501912432,0.04972246520442044,0.0570544203457453
51,0.005752213604384823,0.021538662018223707,0.005022191570551461,0.0173203288317165,0.03746196272516731,0.039850323637154586,0.012335953891210378,0.012881768555278738,0.04111446088831059,0.037550027347936596,0.017079592969266495,-0.004725411279473139,0.017983218707964394,-0.0007148773800307715,0.0018339122083397216,0.01027507417273113,0.018732529256496353,0.025488004060983473,0.03439944606914085,0.028859693965309737,0.08804579808546861,0.02241315657987839,0.049722465188705385,0.057054420361156405
52,0.00575221360453711,0.021538662023340868,0.0050221915654616815,0.0173203288330897,0.037461962725074,0.0398503236357306,0.012335953891319364,0.013066296229297647,0.04088905387391953,0.03636825104257778,0.01695360386242847,-0.004588887900233669,0.01915173093169613,-0.0014931168989474452,0.0032586814325648496,0.010753073453075844,0.01873006632704337,0.026361466834911484,0.03432013379427712,0.028859693965512096,0.08804579807720542,0.022413156587409222,0.04972246518963192,0.0570544203601654
53,0.005752213596500204,0.02153866205899782,0.005022191536382556,0.01732032881683451,0.03746196271878475,0.039850323619151376,0.012335953899557984,0.012748008913645522,0.04088365724552564,0.0363396107031027,0.016784148005823552,-0.0056582445017134605,0.019723284667806165,-0.0004264570992192692,0.0019239158548149731,0.011353666714034302,0.018934657673473524,0.05597913383730126,0.019919905377670688,0.028859693757537018,0.0880457978796283,0.022413156528146422,0.04972246520795198,0.05705442034199845
54,0.0057522136049053966,0.021538662038784014,0.005022191550089583,0.017320328836496292,0.03746196272484405,0.03985032363216481,0.012335953891592122,0.012963606779310027,0.04115412068176111,0.03745023790490676,0.01756846491905325,-0.004641122071930315,0.017884065213865246,0.00013306734987555223,0.0015926963915041837,0.010298840690798379,0.018134267140043833,0.0257053719872448,0.03413342060895985,0.028859693966016724,0.0880457980560599,0.022413156606704482,0.04972246519196047,0.05705442035767583
55,0.005752213597976489,0.021538662108694054,0.005022191486657683,0.01732032882757268,0.03746196271809284,0.03985032360836048,0.012335953900324083,0.012918659993185004,0.04083593508398277,0.03745448954651163,0.016633186667472127,-0.005685907533842356,0.01943332690930973,0.0004223517237756836,0.0032779971602969744,0.011075469188342454,0.018456040839845415,0.05584760942533105,0.01933720719675013,0.02885969375801892,0.08804579781151305,0.02241315658554075,0.049722465215215915,0.05705442033430317
56,0.0057522136060603885,0.021538662123621516,0.005022191465547222,0.017320328848203444,0.037461962724062936,0.039850323619323474,0.012335953892574547,0.013011996188512119,0.04128440468332413,0.036546209290646836,0.016534901725951057,-0.004198473434897109,0.01972718898498877,-0.00031238662466499996,0.0017780400676541156,0.009630390881581222,0.01859254737429928,0.026098797373335255,0.03428404243697006,0.028859693967824826,0.08804579797374978,0.022413156682113994,0.04972246520050185,0.057054420348563124
57,0.005752213598670533,0.02153866214223364,0.005022191453110606,0.017320328832847478,0.03746196271776038,0.03985032360290623,0.012335953900708987,0.012963547154347364,0.04076736511839237,0.03716543204316153,0.01755947430818758,-0.004285524316666682,0.019763747176152195,0.00010935527342930612,0.0010950821503690003,0.011496793870002863,0.019252652558859402,0.056224113142858266,0.019770534019752466,0.02885969375825361,0.08804579777492619,0.02241315661649273,0.04972246521892105,0.057054420330384395
58,0.005752213598869889,0.02153866215289712,0.005022191442446096,0.01732032883439885,0.037461962717663486,0.03985032360127408,0.012335953900823824,0.012726033609923018,0.04143179058583424,0.036614772049519254,0.016291003054605353,-0.005014961825268038,0.01795759083816332,-0.0014888256050632415,0.0016050950344645557,0.010255778334071885,0.01907927395739815,0.05558913347082859,0.01915961543157054,0.02885969375832241,0.08804579776365183,0.022413156626005435,0.04972246522003444,0.0570544203292076
59,0.0057522136064500975,0.0215386621645927,0.005022191424688963,0.01732032885253139,0.037461962723782175,0.039850323614438195,0.012335953892945431,0.012834538532431527,0.041267384955383644,0.03637445171638479,0.01759539356233051,-0.004949648639319609,0.01828497767059207,-3.228035296830221e-05,0.0031458413628825694,0.010047841848629729,0.018795757494513978,0.026534377079082044,0.03397117231484489,0.028859693968593777,0.08804579794007447,0.022413156712935138,0.049722465203785225,0.057054420345069905
60,0.005752213606474642,0.021538662167362266,0.005022191421926887,0.01732032885281132,0.0374619627237641,0.03985032361411765,0.012335953892969737,0.01275280474395445,0.041009618186459956,0.03750563858126248,0.017759009750646454,-0.0050073235910644675,0.01912814738223535,-0.0005296009476585805,0.002229160375417822,0.010761650249961141,0.01916991676911084,0.026033038503106763,0.034405673302665495,0.028859693968648494,0.08804579793781458,0.02241315671499758,0.049722465204001476,0.05705442034484007
61,0.005752213606802286,0.021538662210654258,0.005022191378768952,0.017320328856938592,0.03746196272349752,0.039850323609169166,0.012335953893346139,0.01281781839908585,0.0414824035950352,0.03722078751451337,0.016395896986949102,-0.005500985419608821,0.018602274082311483,0.00015982915393699003,0.0013336073648427846,0.009985438428011232,0.019169901940631978,0.025793035774948982,0.03442184475743698,0.028859693969469653,0.0880457979017984,0.02241315674792856,0.04972246520737153,0.05705442034125771
62,0.005752213606847725,0.021538662216231397,0.00502219137320818,0.017320328857502437,0.037461962723461695,0.03985032360850277,0.012335953893396511,0.013133529404068785,0.041590000461341564,0.03728858077166127,0.017112186288922877,-0.003768708850109674,0.018975849444614494,0.0007158475399385914,0.0028688136017461564,0.00966512356821608,0.018150145118028087,0.026506327690311353,0.03381805228498703,0.028859693969580814,0.08804579789687482,0.02241315675243734,0.049722465207825535,0.057054420340775985
63,0.005752213606881725,0.021538662220587614,0.005022191368865293,0.017320328857943424,0.03746196272343389,0.03985032360797744,0.01233595389343616,0.013242259941133941,0.041502456821360376,0.036342022076993635,0.01694569820178653,-0.004049170149230824,0.017620902328704075,-0.001275064101897101,0.003318237184416203,0.011630480768673313,0.019250833221450544,0.02643443194539836,0.03407523844806716,0.02885969396966803,0.08804579789296577,0.022413156756018068,0.04972246520818344,0.05705442034039609
64,0.005752213606894216,0.021538662222155506,0.0050221913673021215,0.017320328858106228,0.037461962723423725,0.03985032360778553,0.012335953893450605,0.013252898302491248,0.04095128505580044,0.03675898578814473,0.016577127586396786,-0.005595705934563985,0.01831041944927084,-0.0009439666146395952,0.00178113679294392,0.009629074819904462,0.017950605736118966,0.02567328592586155,0.03447662576226073,0.028859693969700003,0.0880457978915345,0.022413156757329,0.04972246520831402,0.05705442034025748
65,0.005752213606935019,0.021538662226046217,0.005022191363420081,0.01732032885856421,0.03746196272339534,0.039850323607281475,0.0123359538934882,0.01277407484687907,0.04108010827714518,0.03730498017606828,0.01751398795935964,-0.004491274340817185,0.017867434114990755,-0.0007503721196537507,0.0030552888243661675,0.011598968932100927,0.019062842252002218,0.025590571874003303,0.03448392823763537,0.028859693969787683,0.08804579788781867,0.022413156760731155,0.04972246520865602,0.057054420339895655
66,0.005752213606959403,0.021538662228609663,0.005022191360863307,0.017320328858857766,0.03746196272337724,0.03985032360695068,0.01233595389351292,0.01290162693832458,0.04125759908794912,0.03715890769478392,0.017664665965311126,-0.005209140378070899,0.01919773530575632,8.177217035344564e-05,0.0030505252950264734,0.01009683000513017,0.019422996534836978,0.025532537996542176,0.034102026908569484,0.028859693969843406,0.0880457978853566,0.022413156762986938,0.04972246520888069,0.05705442033965763
67,0.005752213606977056,0.02153866223087482,0.005022191358605525,0.017320328859091346,0.03746196272336247,0.039850323606666835,0.01233595389353434,0.012929426142005516,0.04084860606620993,0.037094750141971625,0.01710767895356455,-0.004461344981831257,0.017822817193853487,-0.0015071951659823596,0.0032439227055170656,0.009740033858749208,0.019341025672641843,0.02642748742073792,0.03396678985046362,0.028859693969889338,0.08804579788322169,0.022413156764946016,0.049722465209074584,0.05705442033945197
